Series Name,Series Code,Country Name,Country Code,2010 [YR2010],2011 [YR2011],2012 [YR2012],2013 [YR2013],2014 [YR2014],2015 [YR2015],2016 [YR2016],2017 [YR2017],2018 [YR2018],2019 [YR2019],2020 [YR2020],2021 [YR2021],2022 [YR2022],2023 [YR2023]
GDP (current US$),NY.GDP.MKTP.CD,Afghanistan,AFG,15856668555.8336,17805098206.3141,19907329777.5872,20146416757.5987,20497128555.6972,19134221644.7325,18116572395.0772,18753456497.8159,18053222687.4126,18799444490.1128,19955929052.1496,14266499429.8746,14502158192.0904,..
GDP (current US$),NY.GDP.MKTP.CD,Albania,ALB,11926926615.8015,12890760315.146,12319834195.331,12776224496.9718,13228147516.1168,11386853113.0189,11861199830.8396,13019726211.7369,15156424015.1977,15401826127.2539,15162734205.2462,17930565118.8176,18916378860.5488,22977677860.7979
GDP (current US$),NY.GDP.MKTP.CD,Algeria,DZA,177785053939.531,218331946925.304,227143746075.934,229701430292.157,238942664192.59,187493855609.345,180763839522.151,189880896903.073,194554483655.528,193459662090.677,164873415325.201,186265418570.697,225560256621.757,239899491127.742
GDP (current US$),NY.GDP.MKTP.CD,American Samoa,ASM,573000000,570000000,640000000,638000000,643000000,673000000,671000000,612000000,639000000,647000000,721000000,750000000,871000000,..
GDP (current US$),NY.GDP.MKTP.CD,Andorra,AND,3449925738.86069,3629133574.27783,3188652765.36184,3193512950.02419,3271685596.66321,2789881258.50362,2896610479.73077,3000162081.11976,3218419896.9641,3155149347.80639,2891001149.3611,3324683011.5903,3380602042.84283,3727673593.01922
GDP (current US$),NY.GDP.MKTP.CD,Angola,AGO,83799474069.7315,111789747670.59,128052915766.343,132339109040.232,135966802586.713,90496420506.5957,52761617225.9253,73690154990.7312,79450688259.3664,70897962732.0277,48501561203.5686,66505129987.7235,104399746853.401,84722957642.3757
GDP (current US$),NY.GDP.MKTP.CD,Antigua and Barbuda,ATG,1298255555.55556,1281337037.03704,1327107407.40741,1325425925.92593,1378829629.62963,1437755555.55556,1489692592.59259,1531151851.85185,1661529629.62963,1725351851.85185,1410796296.2963,1601366666.66667,1867733333.33333,2033085185.18518
GDP (current US$),NY.GDP.MKTP.CD,Argentina,ARG,423627422092.49,530158122010.442,545982375701.128,552025140252.246,526319673731.638,594749285413.212,557532320662.955,643628393281.364,524819892360.176,447754683615.225,385740508436.965,487902572164.348,631133384439.944,640591410663.883
GDP (current US$),NY.GDP.MKTP.CD,Armenia,ARM,9260285755.62424,10142111824.5835,10619320682.9474,11121464437.0415,11609513246.7958,10553337518.414,10546136235.5219,11527458709.0158,12457940694.7395,13619290539.2116,12641698583.2152,13878908628.9378,19513474648.2429,24212134631.064
GDP (current US$),NY.GDP.MKTP.CD,Aruba,ABW,2453597206.70391,2637859217.87709,2615208379.88827,2727849720.67039,2790849720.67039,2962907262.56983,2983635195.53073,3092429050.27933,3276184357.5419,3395798882.68156,2558906303.88098,3103184101.51354,3544707788.05664,..
GDP (current US$),NY.GDP.MKTP.CD,Australia,AUS,1148890200292.42,1398701323029.63,1547649835732.89,1577301840200.01,1468597690006.22,1351768945139.11,1207580901578.72,1326882104817,1429733668185.91,1394671325960.57,1330381544909.3,1559033756285.13,1692956646855.7,1723827215334.71
GDP (current US$),NY.GDP.MKTP.CD,Austria,AUT,392275107258.667,431685217367.511,409401816050.531,430190979705.962,442584815286.034,381971148530.543,395837353031.499,417261151844.977,454991174096.102,444596155845.254,435049316955.737,479295362747.047,470941926750.741,516034144115.95
GDP (current US$),NY.GDP.MKTP.CD,Azerbaijan,AZE,52909294791.9262,65952796427.9473,69679944504.1972,74160560123.6902,75239785452.1022,53076235354.746,37866996882.9157,40866627351.9817,47112470051.7701,48174235294.1176,42693000000,54825411764.7059,78807470588.2353,72356176470.5882
GDP (current US$),NY.GDP.MKTP.CD,"Bahamas, The",BHS,10095760000,10070450000,10720500000,10395800000,10974100000,11671900000,11745100000,12236700000,12615800000,13016200000,9958200000,11368900000,13136400000,14338500000
GDP (current US$),NY.GDP.MKTP.CD,Bahrain,BHR,25713271276.5957,28776595744.6809,30749308510.6383,32539468085.1064,33387712765.9574,31125851063.8298,32250132978.7234,35423643617.0213,37802005319.1489,38653318085.1064,34621807712.766,39288670212.766,44383297872.3404,43205000000
GDP (current US$),NY.GDP.MKTP.CD,Bangladesh,BGD,115275540861.36,128607482927.468,133310747047.528,149998957327.029,172886611131.255,195146607942.291,265224514652.992,293732447017.328,321362751137.574,351231655150.827,373979442653.343,416271647002.435,460131688909.301,437415331040.994
GDP (current US$),NY.GDP.MKTP.CD,Barbados,BRB,4534772750,4662343500,4622687600,4693452700,4711838650,4738650450,4848210350,5000457800,5128345200,5367139250,4779756550,4945276000,5840673700,6393564189.61345
GDP (current US$),NY.GDP.MKTP.CD,Belarus,BLR,57231904542.8755,61762382327.9319,65685890438.8922,75527558966.4473,78812805039.0743,56454889146.6088,47723545321.259,54725302249.8088,60031173807.7196,64410122847.3508,61371755326.2351,69673747131.87,73775179924.603,71857382745.6066
GDP (current US$),NY.GDP.MKTP.CD,Belgium,BEL,481420882905.001,523330354138.133,496152879924.727,521791015247.06,535390200131.018,462335574841.484,476062757356.927,502764720556.354,543299066998.902,535865804349.803,526021513474.243,600904461226.347,583613982019.263,632216577075.109
GDP (current US$),NY.GDP.MKTP.CD,Belize,BLZ,1739070295.44027,1818831938.17757,1899503249.8643,2021757434.18064,2125125606.25723,2194709309.24204,2240593542.9757,2266664817.08822,2292787335.62452,2386792476.10637,2047727810.06777,2424575179.3783,2830507575.6841,3281500000
GDP (current US$),NY.GDP.MKTP.CD,Benin,BEN,9535345015.78355,10693321363.6574,11141358115.8991,12517845123.9315,13284527846.9081,11388160996.7738,11821065853.3838,12701655836.9467,14262408089.9261,14390708751.025,15686741883.934,17687623530.3355,17425418044.2906,19673284686.0023
GDP (current US$),NY.GDP.MKTP.CD,Bermuda,BMU,6634526000,6312691000,6378188000,6465756000,6413988000,6654541000,6899911000,7142316000,7225977000,7423465000,6887147000,7286607000,7827980000,..
GDP (current US$),NY.GDP.MKTP.CD,Bhutan,BTN,1673464261.27982,1938441288.7919,1939730676.17479,1913162477.22079,2057330872.73151,2154921010.65558,2322730512.46893,2591358115.15844,2583335723.32125,2735683408.57651,2457604042.40959,2768802803.18141,2898227713.22315,..
GDP (current US$),NY.GDP.MKTP.CD,Bolivia,BOL,19649723722.1034,23963164696.592,27084497481.9103,30659338885.6729,32996188017.3661,33000198248.9146,33941126193.9219,37508642170.767,40287647930.5355,40895322850.9407,36629843806.0781,40406111693.1983,44008282879.8842,45849832906.4139
GDP (current US$),NY.GDP.MKTP.CD,Bosnia and Herzegovina,BIH,17176315803.7298,18644233537.1093,17226735995.6905,18179108530.5261,18558733564.4692,16404348871.4437,17116926327.6247,18326373366.1105,20484053868.9246,20482608755.379,20226036564.4129,23672712242.2149,24534663636.1778,27054889362.8852
GDP (current US$),NY.GDP.MKTP.CD,Botswana,BWA,12637273429.1339,15110643612.1729,13907464500.1489,14271738933.2042,15470088500.7414,13530748844.505,15082637184.0496,16105155856.7708,17031943186.1353,16725908148.5481,14960291105.9316,18750946600.1423,20321958850.0363,19395765126.3127
GDP (current US$),NY.GDP.MKTP.CD,Brazil,BRA,2208837745214.23,2616156223977.47,2465227803011.57,2472819535742.73,2456043727198.85,1802212206904.68,1795693482652.52,2063514977334.32,1916933898038.36,1873288205186.45,1476107231194.11,1670647399034.67,1951923942083.32,2173665655937.27
GDP (current US$),NY.GDP.MKTP.CD,British Virgin Islands,VGB,..,..,..,..,..,..,..,..,..,..,..,..,..,..
GDP (current US$),NY.GDP.MKTP.CD,Brunei Darussalam,BRN,13707280259.9763,18525128526.3766,19048443340.7732,18094321616.7959,17097802752.8728,12930291487.9581,11400466356.3898,12128183904.4501,13566937673.7966,13469235364.7032,12005799653.9835,14006496617.4458,16681536466.7183,15128292953.5098
GDP (current US$),NY.GDP.MKTP.CD,Bulgaria,BGR,50760929302.5147,57737040780.0157,54288135058.7926,55852123989.9504,57157782909.9307,50811995688.6771,53964253211.84,59309748166.1179,66370132238.3914,68881010245.5498,70368758395.141,84041493015.6618,90346169914.9349,101584384672.786
GDP (current US$),NY.GDP.MKTP.CD,Burkina Faso,BFA,10109619740.6994,12080295977.5632,12561015156.5683,13444300485.8412,13943016076.7436,11832159315.6298,12833363045.3367,14106955615.3442,15890066221.2882,16032813501.6639,17725010530.7894,19643166853.6641,18820219331.2261,20324617838.9676
GDP (current US$),NY.GDP.MKTP.CD,Burundi,BDI,2032135192.01248,2235820809.32006,2333341334.45753,2451606632.29246,2705783329.80483,3104003546.26497,2644487776.50077,2723586962.84034,2667182199.51333,2576518879.82353,2649680261.44299,2775798697.46022,3338722827.65691,2642161668.92754
GDP (current US$),NY.GDP.MKTP.CD,Cabo Verde,CPV,1824751467.92957,2046817987.20109,1913081210.41411,2028910915.16446,2041930125.42979,1749857620.35329,1849789985.99572,1996741539.95088,2205099506.99994,2252177124.32402,1821565613.68613,2051842609.64558,2303738020.15148,2587252076.3056
GDP (current US$),NY.GDP.MKTP.CD,Cambodia,KHM,11242275287.581,12829541141.062,14054443213.4887,15227991395.1207,16702610842.3529,18049954289.4721,20016747857.6367,22177200588.1826,24571753583.3935,27089390032.798,25872797891.7664,26961061151.7337,29504829319.3169,31772759998.8571
GDP (current US$),NY.GDP.MKTP.CD,Cameroon,CMR,27507501808.6377,30630910513.4884,30155062302.4497,33728621190.4164,36386544715.2702,32210233021.4049,33814337040.7817,36098547058.7851,39955552189.795,39667757527.6578,40773241177.0505,44993521774.066,43644068310.851,47945510090.0529
GDP (current US$),NY.GDP.MKTP.CD,Canada,CAN,1617343367486.26,1793326630174.52,1828366481521.6,1846597421834.98,1805749878439.94,1556508816217.14,1527994741907.43,1649265644244.09,1725329192783.02,1743725183672.52,1655684730000.19,2007472181464.15,2161483369422.01,2140085567791.45
GDP (current US$),NY.GDP.MKTP.CD,Cayman Islands,CYM,4156841163.77763,4186073160.18253,4291004485.56803,4405796081.15984,4562853582.32463,4708167255.28727,4909322200.00212,5166281293.18715,5530178498.90783,5941896599.57333,5655357984.24218,6060026509.58539,6600844001.53721,..
GDP (current US$),NY.GDP.MKTP.CD,Central African Republic,CAF,2142591540.40068,2437982705.12093,2510126512.22831,1691544110.18543,1894813389.40325,1695825714.19282,1825018144.65595,2072349972.6818,2220979146.11241,2221301351.43918,2326720900.38047,2516498412.46384,2382618615.01694,2555492085.24831
GDP (current US$),NY.GDP.MKTP.CD,Chad,TCD,10668103554.1192,12172308851.0395,12367362757.1342,12953534866.4286,13940767218.5849,10950392256.9543,10097778098.1707,10000394381.0177,11239167898.3395,11314951091.7283,10715396042.3343,11779981332.16,12396807590.173,13149325358.7383
GDP (current US$),NY.GDP.MKTP.CD,Channel Islands,CHI,..,..,..,..,..,..,9072059721.02166,9070980826.69076,9940766574.08511,9921386549.99805,9301349237.2106,11138490591.657,11228317318.7652,..
GDP (current US$),NY.GDP.MKTP.CD,Chile,CHL,217051209240.298,251382573885.594,267024782480.28,277395018837.366,259560978231.552,242450355827.827,249344863933.461,276154259987.103,295857562991.709,278285058719.466,254042159309.311,315515014838.539,302116539409.03,335533331669.219
GDP (current US$),NY.GDP.MKTP.CD,China,CHN,6087191746679.49,7551545703440.75,8532185381680.59,9570471111831.68,10475624944355.2,11061572618578.7,11233313730348.7,12310491333980.9,13894907857880.6,14279968506271.7,14687744162801,17820459508852.2,17881783387000.9,17794781986104.5
GDP (current US$),NY.GDP.MKTP.CD,Colombia,COL,286498534094.963,334966134804.887,370691143018.039,382093697077.685,381240864422.406,293492370193.166,282720100286.228,311866875156.879,334198218098.276,323031701192.84,270348342541.465,318524633225.395,345329875078.512,363540156234.868
GDP (current US$),NY.GDP.MKTP.CD,Comoros,COM,907978730.887844,1023086273.53336,1015843490.82374,1116224106.83728,1149587661.00693,966029600.862227,1012835493.19325,1077439756.59451,1188797449.38584,1195019531.9011,1225039196.61091,1296089479.91978,1242519407.77603,1352380972.15662
GDP (current US$),NY.GDP.MKTP.CD,"Congo, Dem. Rep.",COD,21565721044.8462,25839749199.3671,29306235285.2597,32679745048.4427,35909040925.9375,37917706497.1793,37134801555.3322,38019264794.8263,47568210009.8172,51775829877.2088,48716961860.1325,55328482783.5393,65801547619.5974,66383287002.9969
GDP (current US$),NY.GDP.MKTP.CD,"Congo, Rep.",COG,13148396211.5955,15655383576.6515,17692911296.3044,17958720699.0868,17919321082.5539,12434793867.7228,10931328149.6857,11834473047.7636,14773900277.9221,13976637328.8474,11468688140.7225,14825690210.0308,15817030156.9459,15321055818.3263
GDP (current US$),NY.GDP.MKTP.CD,Costa Rica,CRI,37658614803.848,42762613699.9524,47231655431.1389,50949668840.8692,52016408951.8225,56441920821.0806,58847019609.6549,60516044657.2254,62420164991.5374,64417670521.1842,62395610760.3912,64960725734.1965,69243626028.5936,86497941439.0174
GDP (current US$),NY.GDP.MKTP.CD,Cote d'Ivoire,CIV,34936307980.063,36693710801.3976,36302302877.2977,42760235484.6093,48843005613.7091,45815005169.2651,48407761036.8238,52512343996.69,58522477786.6889,60382894697.3557,63027852805.4204,72794636653.7793,70173140101.4315,78788828906.8634
GDP (current US$),NY.GDP.MKTP.CD,Croatia,HRV,58836405998.5311,62772620898.6471,57411354937.6808,59589170667.5698,59489433514.5849,51011170111.8487,52740059263.4245,56322449844.1579,61861145806.2687,61867157679.3215,58221300897.8838,69602166351.4771,71997070660.4835,82688842717.3926
GDP (current US$),NY.GDP.MKTP.CD,Cuba,CUB,59562962962.963,68990000000,73141000000,77148000000,80656100000,87132800000,91370407863.7,96850649691.7406,100050036096.123,103427600000,107351800000,..,..,..
GDP (current US$),NY.GDP.MKTP.CD,Curacao,CUW,..,2930092234.63687,3012836256.98324,3033568603.35196,3059406983.24022,3058779217.87709,3024690167.59777,3033433240.22346,3046364804.46927,3026124134.07821,2534327597.76536,2739608133.18436,3073840325.43285,..
GDP (current US$),NY.GDP.MKTP.CD,Cyprus,CYP,25799940416.2212,27641551807.2994,25047433100.1301,23959708956.3563,23225912184.5047,19909269064.1204,21046452116.3809,22946583374.7569,25597301190.9231,25947020102.4332,25227189744.9083,29482912835.3642,29250532020.0746,32229622669.1951
GDP (current US$),NY.GDP.MKTP.CD,Czechia,CZE,209069940963.177,229562733398.948,208857719320.649,211685616592.931,209358834156.329,188033050459.881,196272068576.338,218628940951.675,249000540729.179,252548179964.897,245974558654.043,281791218507.1,290565654835.809,330858339871.686
GDP (current US$),NY.GDP.MKTP.CD,Denmark,DNK,321995279401.502,344003137611.271,327148943812.137,343584391647.927,352993631617.708,302673070846.857,313115929314.339,332121063806.391,356841216410.068,346498737961.635,354762748338.661,405687998852.691,400167196948.707,404198757537.974
GDP (current US$),NY.GDP.MKTP.CD,Djibouti,DJI,1128611700.3618,1239144501.77525,1353632941.5207,2042817162.85639,2214679081.25658,2424391785.43897,2604955228.70117,2762581334.22612,2913466732.12507,3088853638.56832,3185150981.03207,3385825228.86997,3674298479.07676,4098530513.55777
GDP (current US$),NY.GDP.MKTP.CD,Dominica,DMA,493825925.925926,501025925.925926,485996296.296296,498296296.296296,520429629.62963,540737037.037037,576229629.62963,521551851.851852,554770370.37037,611537037.037037,504214814.814815,555266666.666667,607159259.259259,653992592.592593
GDP (current US$),NY.GDP.MKTP.CD,Dominican Republic,DOM,53860187257.9593,58029773599.455,60681535652.5373,62682159338.0354,67179955677.2791,71164826836.5281,75704647877.6559,79998046305.79,85555390139.118,88941372558.2397,78844656298.1776,94243425938.3647,113537368176.13,121444279313.931
GDP (current US$),NY.GDP.MKTP.CD,Ecuador,ECU,68151329000,78986648000,87735048000,96570334000,102717794000,97209558000,97671433000,104467486000,107478962000,107595829000,95865472000,107435101000,116586079000,118844826000
GDP (current US$),NY.GDP.MKTP.CD,"Egypt, Arab Rep.",EGY,218983666061.706,235989672977.625,279116666666.667,288434108527.132,305595408895.265,329366576819.407,332441717791.411,248362771739.13,262588632526.73,318678815489.749,383817841547.099,424671765455.704,476747720364.742,395926075163.006
GDP (current US$),NY.GDP.MKTP.CD,El Salvador,SLV,18447920000,20283780000,21386150000,21990960000,22593470000,23438240000,24191430000,24979190000,26020850000,26881140000,24921190000,29043140000,31988920000,34015620000
GDP (current US$),NY.GDP.MKTP.CD,Equatorial Guinea,GNQ,16314443436.2903,21357343668.9447,22388344143.9131,21948834283.7856,21765453081.9826,13185496881.0174,11240808847.8878,12200913878.9827,13097012133.6159,11364133549.7478,9893816007.7398,12215878032.7166,13486788878.9757,12116922539.4112
GDP (current US$),NY.GDP.MKTP.CD,Eritrea,ERI,1589515447.15447,2065001626.01626,..,..,..,..,..,..,..,..,..,..,..,..
GDP (current US$),NY.GDP.MKTP.CD,Estonia,EST,19523477325.6235,23213994093.4631,23019150071.1867,25115753366.1114,26634083965.0987,22890762090.1508,24072829276.7744,26924385103.0659,30624720196.229,31290453293.545,31330419851.1487,36864792511.6351,37921480881.5429,40744848827.9537
GDP (current US$),NY.GDP.MKTP.CD,Eswatini,SWZ,4438765085.93784,4820478680.18375,4886551483.93374,4597552981.56738,4422986271.74767,4063245671.29285,3816019193.16561,4402969225.92165,4666598024.18411,4495267265.76464,3982236693.8316,4850842540.99267,4790922788.70864,4597855845.04276
GDP (current US$),NY.GDP.MKTP.CD,Ethiopia,ETH,29933790334.3418,31952763089.33,43310721414.0829,47648276605.0123,55612228233.5179,64589328550.5953,74296745207.8721,81770886825.6048,84269196625.8784,95912607722.3032,107657734392.446,111261882958.426,126772703047.701,163697927593.982
GDP (current US$),NY.GDP.MKTP.CD,Faroe Islands,FRO,2331796784.36009,2505740669.27039,2427200388.91831,2690110520.92548,2914012679.27277,2573905971.05459,2813278868.78208,2980057377.87967,3188600927.46688,3266432734.22819,3262045883.37293,3655063937.93145,3555929833.05051,..
GDP (current US$),NY.GDP.MKTP.CD,Fiji,FJI,3140166712.79624,3779411899.37483,3972028104.47328,4189967998.51424,4857104768.86844,4682479893.97558,4930213644.36653,5353469174.47838,5581425327.44397,5444407198.13478,4432466219.87685,4305031649.74189,4979979531.2725,5494797540.73365
GDP (current US$),NY.GDP.MKTP.CD,Finland,FIN,249424310816.667,275604356167.316,258290060227.734,271362405890.589,274862826772.156,234534382384.766,240771351298.833,255647979916.471,275708001767.843,268514916972.549,271886077382.102,296470417085.267,281887430795.721,300187202696.084
GDP (current US$),NY.GDP.MKTP.CD,France,FRA,2645187882116.67,2865157541994.17,2683671716967.19,2811876903329.03,2855964488590.19,2439188643162.5,2472964344587.17,2595151045197.65,2790956878746.66,2728870246705.88,2647418691598.45,2959355819170.5,2779092236505.85,3030904089607.9
GDP (current US$),NY.GDP.MKTP.CD,French Polynesia,PYF,6086644798.55982,6203940036.91982,5692858099.00217,6031827122.60663,6151996560.84289,5325846361.81186,5497036476.8031,5833352692.7995,6135116253.33452,6022276196.13871,5792545870.80614,6150640646.38319,5814661208.90544,..
GDP (current US$),NY.GDP.MKTP.CD,Gabon,GAB,14372593020.2885,18210307743.5816,17170464016.0593,17595744798.3398,18203966895.8433,14383107762.6952,14023890265.3665,14929487485.1623,16867326389.8704,16874405460.1955,15314577167.8211,20217946921.2065,21071739227.9422,20516134388.6608
GDP (current US$),NY.GDP.MKTP.CD,"Gambia, The",GMB,1543294926.87301,1409693596.93594,1415004738.26621,1375609453.43746,1229461721.40861,1378176608.93204,1484578885.97132,1504909462.69521,1670671327.81651,1813609692.49994,1812170891.19069,2014158842.65394,2175099789.97829,2339904156.79214
GDP (current US$),NY.GDP.MKTP.CD,Georgia,GEO,12426907967.1578,15475290469.2869,16894392033.2256,17517660143.6859,17966015109.3043,15223796148.8396,15444548901.9637,16473125375.0684,17902544880.6471,17638337116.9126,16010869215.68,18853115588.8106,24984568959.605,30535530479.0227
GDP (current US$),NY.GDP.MKTP.CD,Germany,DEU,3399667820000.01,3749314991050.59,3527143188785.16,3733804649549.03,3889093051023.52,3357585719351.56,3469853463945.53,3690849152517.65,3974443355019.6,3889177589254.9,3887727161914.41,4278503934689.85,4082469490797.68,4456081016705.96
GDP (current US$),NY.GDP.MKTP.CD,Ghana,GHA,32197655566.5347,39336668080.559,41271701060.954,62824629066.0408,54783319817.3705,49406010054.2663,56164929304.8754,60405924078.7278,67298914624.3723,68337969247.7067,70043095503.6675,79524421861.2743,74263364041.8742,76370394412.4163
GDP (current US$),NY.GDP.MKTP.CD,Gibraltar,GIB,..,..,..,..,..,..,..,..,..,..,..,..,..,..
GDP (current US$),NY.GDP.MKTP.CD,Greece,GRC,297124961971.501,282995942006.557,242029307133.408,238907690051.13,235458133124.608,195683527003.375,193148146586.933,199844406013.531,212049447242.111,205252760889.364,188480337285.605,214667807441.202,217581324512.059,238206312632.528
GDP (current US$),NY.GDP.MKTP.CD,Greenland,GRL,2503167187.49305,2684461375.46585,2609678486.36749,2684946990.12448,2842065708.35962,2499113022.81675,2707139544.46695,2851613679.03433,3055782146.15957,2997309971.87623,3082884653.2456,3235809504.29871,..,..
GDP (current US$),NY.GDP.MKTP.CD,Grenada,GRD,771014814.814815,778655555.555555,799881481.481481,842618518.518518,911496296.296296,997007407.407407,1061640740.74074,1125685185.18519,1166514814.81481,1213485185.18519,1043411111.11111,1122800000,1224577777.77778,1320334235.58897
GDP (current US$),NY.GDP.MKTP.CD,Guam,GUM,4949000000,4984000000,5265000000,5399000000,5610000000,5799000000,5901000000,6013000000,6051000000,6355000000,5916000000,6234000000,6910000000,..
GDP (current US$),NY.GDP.MKTP.CD,Guatemala,GTM,40676578423.4871,46876006272.2387,49593929487.1263,52996446269.442,57852153058.502,62186064718.7424,66053403469.0024,71653754066.2763,73328365862.4329,77172317258.6478,77715183063.2054,86053083476.0294,95003330315.8754,102050473863.636
GDP (current US$),NY.GDP.MKTP.CD,Guinea,GIN,6853467832.49407,6785137215.55736,7638045226.04416,8376613880.84932,8778473643.31852,8794202394.29076,8595955600.36601,10324668271.1032,11857030367.2441,13442861496.4128,14177835841.3923,16091817842.1318,20999229260.4995,23612295818.0961
GDP (current US$),NY.GDP.MKTP.CD,Guinea-Bissau,GNB,940112538.964179,1157074319.11175,1049412177.07573,1109682824.13676,1135250721.02484,1152384166.79638,1245074264.10396,1469978606.12143,1554133593.91699,1486476582.06759,1520479984.56808,1724555634.36594,1714166526.44573,1966461400.35833
GDP (current US$),NY.GDP.MKTP.CD,Guyana,GUY,3432912516.92427,3691384317.52178,4063088535.76331,4167800928.83553,4127660151.8087,4279840193.7046,4482697336.56174,4748174334.14044,4787636997.85343,5173760191.84652,5471256594.72422,8041362110.31175,14718388489.2086,16786302158.2734
GDP (current US$),NY.GDP.MKTP.CD,Haiti,HTI,11859312725.1448,13008746038.8867,13708925477.1304,14902488604.2421,15146883497.6331,14849629308.6025,14069277526.2278,15093357161.1498,16403864617.8458,15016090929.5125,14508222518.3018,20877414952.6375,20253551920.5516,19850829757.7471
GDP (current US$),NY.GDP.MKTP.CD,Honduras,HND,15839344591.9842,17710275685.4074,18528554397.5695,18499729214.904,19756533971.8698,20979791685.416,21717604952.1835,23136247990.5977,24067750760.499,24882225741.8119,23352232483.755,28144331506.6149,31426041806.7985,34400509852.0436
GDP (current US$),NY.GDP.MKTP.CD,"Hong Kong SAR, China",HKG,228638668727.291,248513617677.287,262628865879.697,275696879834.966,291459995978.893,309385622601.348,320860317562.562,341273289534.466,361731070995.726,363074545072.389,344943149590.058,368954169748.818,358696261481.16,382054574298.529
GDP (current US$),NY.GDP.MKTP.CD,Hungary,HUN,132175349953.713,141942264554.475,128814279315.132,135684315697.713,141033843265.669,125174166987.372,128609822750.039,143112196040.326,160565642983.587,164020460331.659,157288955508.176,182109999477.691,177006128624.627,212388906458.724
GDP (current US$),NY.GDP.MKTP.CD,Iceland,ISL,13751161917.7398,15221622925.9319,14751508133.5443,16125060515.3117,17867662177.8911,17517210519.0912,20793168030.9524,24728285177.4603,26260850582.0687,24681343649.2952,21629953194.0659,25797870984.2963,28701830401.6837,31020032583.1972
GDP (current US$),NY.GDP.MKTP.CD,India,IND,1675615519484.96,1823051829895.13,1827637590410.95,1856721507621.46,2039126479155.27,2103588360044.39,2294796885663.67,2651474262755.59,2702929641648.14,2835606256558.84,2674851578586.86,3167270623260.52,3353470496885.95,3549918918777.53
GDP (current US$),NY.GDP.MKTP.CD,Indonesia,IDN,755094157621.936,892969104563.171,917869913332.649,912524136718.018,890814755533.537,860854232686.214,931877364037.698,1015618744159.73,1042271532988.63,1119099871350.2,1059054842698.48,1186509691086.73,1319076267310.16,1371171152331.16
GDP (current US$),NY.GDP.MKTP.CD,"Iran, Islamic Rep.",IRN,486807616876.696,626133112195.926,644035512181.483,492775566425.881,460382791480.428,408212917874.964,457954614593.746,486630147094.486,329691934142.938,283649531542.741,239735486745.385,359096907772.273,413394567603.552,401504514718.718
GDP (current US$),NY.GDP.MKTP.CD,Iraq,IRQ,138516722649.573,185749664444.444,218002476129.472,234637675128.645,228415656174.957,166774104959.102,166743557747.671,187217660050.676,227367469034.031,233636097800.338,180898797936.279,209691945713.103,286640340965.517,250842782139.464
GDP (current US$),NY.GDP.MKTP.CD,Ireland,IRL,221913560882.367,239170638711.314,225118718207.156,238112475390.796,259681883575.706,292364226871.756,298559265006.398,337241811320.896,386693357874.056,398933010007.356,428608687830.239,513391778882.86,533140011838.276,545629450403.735
GDP (current US$),NY.GDP.MKTP.CD,Isle of Man,IMN,5920369789.50182,6565667052.79737,6690228371.66909,7001175622.71266,7708454412.32126,7084800892.22284,6846377563.00683,6979788333.50279,7491649455.92717,7314967866.28289,6684225641.02564,7931193222.06405,..,..
GDP (current US$),NY.GDP.MKTP.CD,Israel,ISR,238364092298.023,266791854430.897,262282344091.849,297732778479.129,314330061977.263,303414276832.04,322102790386.835,358245427458.541,376691526553.276,402470513619.148,413267669231.522,488526545878.891,525002447652.773,509901495702.103
GDP (current US$),NY.GDP.MKTP.CD,Italy,ITA,2136099955236.67,2294994296589.5,2086957656821.6,2141924094298.56,2162009615996.54,1836637711060.55,1877071687633.78,1961796197354.36,2091932426266.98,2011302198827.45,1897461635591.91,2154875493744.93,2066972096553.7,2254851212731.8
GDP (current US$),NY.GDP.MKTP.CD,Jamaica,JAM,13220549908.2494,14444661522.1463,14807086555.5283,14264205152.6126,13899217679.9219,14188936918.0036,14077096676.6213,14808985132.7722,15730792876.2656,15830766531.1474,13812421835.7369,14657586159.4316,17097760686.7775,19423355367.2372
GDP (current US$),NY.GDP.MKTP.CD,Japan,JPN,5759071769013.11,6233147172341.35,6272362996105.03,5212328181166.18,4896994405353.29,4444930651964.18,5003677627544.24,4930837369151.42,5040880939324.86,5117993853016.51,5055587093501.59,5034620784584.98,4256410760723.75,4212945159781.4
GDP (current US$),NY.GDP.MKTP.CD,Jordan,JOR,27133804225.3521,29524149154.9296,31634561690.1408,34454440140.8451,36847643521.1268,38587017887.3239,39892551126.7606,41608435915.493,43370860704.2254,44502816901.4085,43700383098.5916,46296100140.8451,48653381830.9859,50813642348.6746
GDP (current US$),NY.GDP.MKTP.CD,Kazakhstan,KAZ,148047348240.643,192626464617.071,207998568865.789,236634603409.089,221415613595.469,184388404706.042,137278320084.171,166805788827.233,179339977690.485,181667184854.501,171082365861.423,197112255360.612,225496328925.494,261421121085.572
GDP (current US$),NY.GDP.MKTP.CD,Kenya,KEN,45405615063.7551,46869473150.61,56396704671.5777,61671440407.8387,68285796514.2896,70120446896.8359,74815144163.8931,82036510877.2599,92202979985.2863,100378436207.371,100657505750.545,109703658904.994,113419826113.903,107440575838.048
GDP (current US$),NY.GDP.MKTP.CD,Kiribati,KIR,165113529.310862,195984787.454498,207081997.22303,201768028.55259,200114840.67884,191572320.429122,206658568.822507,223029864.54193,233859230.192198,216891541.021351,222973879.711097,289207526.306617,270520731.599041,279034355.108421
GDP (current US$),NY.GDP.MKTP.CD,"Korea, Dem. People's Rep.",PRK,..,..,..,..,..,..,..,..,..,..,..,..,..,..
GDP (current US$),NY.GDP.MKTP.CD,"Korea, Rep.",KOR,1143672241149.72,1253289537500.81,1278046536287.01,1370632955321.2,1484488526271.8,1466038936206.43,1499679823909.61,1623074183501.9,1725373496825.43,1651422932447.77,1644312831906.17,1818432106880.04,1673916511799.71,1712792854202.37
GDP (current US$),NY.GDP.MKTP.CD,Kosovo,XKX,5343950556.07185,6341613609.97976,6163484244.63408,6735328609.6594,7074394734.88431,6295848422.71573,6682677289.98994,7180764703.35718,7878759714.82322,7899737577.47286,7717145217.81247,9413403724.01899,9354903061.8898,10438351483.1677
GDP (current US$),NY.GDP.MKTP.CD,Kuwait,KWT,115416245238.478,154039231299.128,174047695598.686,174168116687.215,162650450784.686,114585555830.916,109406674087.947,120687539675.517,138202535962.401,138696321087.864,107512998447.021,141777271268.694,182809482400.924,161772221950.942
GDP (current US$),NY.GDP.MKTP.CD,Kyrgyz Republic,KGZ,4794361863.01353,6197765984.28468,6605142884.36215,7335033800.59056,7468102412.68237,6678177511.66313,6813095379.1187,7702938379.42036,8271106235.41552,9371275264.36735,8270468614.24051,9249133946.26531,12134931017.9465,13987627908.8381
GDP (current US$),NY.GDP.MKTP.CD,Lao PDR,LAO,7131771014.70456,8750104617.17303,10192846339.4029,11983252626.5452,13279245886.3854,14426380125.6488,15912501722.6143,17071155481.4994,18141641089.7963,18740561512.5555,18981805250.2424,18827148530.9347,15468785203.7532,15843155731.2552
GDP (current US$),NY.GDP.MKTP.CD,Latvia,LVA,23956163076.5575,27474380566.265,28169902669.3784,30204783461.8488,31386896487.0407,27263090547.0617,28083597512.4841,30483806017.8318,34429023435.0211,34225547537.0745,34390910338.9604,39443126174.4335,40422521943.4418,43627078481.287
GDP (current US$),NY.GDP.MKTP.CD,Lebanon,LBN,38443907042.1227,39927125961.5257,44016799515.7546,46880103080.597,48095213746.6003,49929337836.8159,51147308774.1294,53027680685.9038,54901519155.5556,51605959131.2741,31712128253.7961,23131941556.7843,20992421948.8081,..
GDP (current US$),NY.GDP.MKTP.CD,Lesotho,LSO,2234754241.91918,2579409619.96722,2477702216.26888,2367112931.642,2441063054.05792,2359686724.53829,2114426453.70697,2306741674.055,2556247291.99785,2390702295.82777,2053338465.24462,2406780518.52811,2289355249.40148,2046039024.45854
GDP (current US$),NY.GDP.MKTP.CD,Liberia,LBR,1998000000,2398000000,2791614000,3177198100,3225652000,3227075700,3398419600,3390703400,3422754800,3319596500,3176126340,3513049520,4001047000,4332000000
GDP (current US$),NY.GDP.MKTP.CD,Libya,LBY,75380825062.4216,48169263294.1007,92540938129.1315,75351107029.0605,57372355592.022,48717501321.3052,49912073701.298,67157452181.7738,76686029772.1483,72081962263.1794,65688454971.5663,47786789103.8172,55938727098.0174,50491722445.7773
GDP (current US$),NY.GDP.MKTP.CD,Liechtenstein,LIE,5082337238.44718,5739706004.89616,5456102482.28614,6391708310.67727,6657526979.72277,6268515276.17441,6237302033.50132,6474308717.85289,6692620691.84146,6436467007.11932,6405870210.32293,7710380085.92257,7364654515.13984,..
GDP (current US$),NY.GDP.MKTP.CD,Lithuania,LTU,37128694028.243,43535051482.3869,42927454291.478,46523420074.4372,48533659592.1728,41435533340.3883,43047309305.7363,47758736931.7801,53751411409.4447,54808531641.4117,56964942999.3651,66798933785.7702,71013953448.2085,77836396962.772
GDP (current US$),NY.GDP.MKTP.CD,Luxembourg,LUX,56213985987.4168,61696281326.2453,59776383527.3602,65203276466.9763,68804811897.6445,60071584216.1375,62216885435.9488,65712180342.9836,71000359760.4611,69890505323.5842,73699366700.2134,85584105993.8746,81641807865.7591,85755006123.5976
GDP (current US$),NY.GDP.MKTP.CD,"Macao SAR, China",MAC,28241798491.593,36845888757.1886,43189721376.9846,51536595089.2793,54902831793.5018,45048190598.3249,45070808688.9611,50383871120.8733,55190661339.7796,55082293844.1008,25343525935.8358,30969334705.0515,24464719190.0616,47061843715.8565
GDP (current US$),NY.GDP.MKTP.CD,Madagascar,MDG,9982711338.07029,11551819617.874,11578975061.9479,12423555455.3853,12522957399.2281,11323020701.3017,11848613858.442,13176313593.5509,13760033282.2925,14104664678.5063,13051441203.9474,14554754116.5427,15302510500.0528,16031702914.9195
GDP (current US$),NY.GDP.MKTP.CD,Malawi,MWI,10128323010.6049,11648142958.3651,8773203178.16512,8031571927.62055,8801326169.14547,9219474379.31534,7909868618.46366,8943543677.18899,9880675785.93057,11077305329.6417,12041250083.8828,12580922008.2096,13129458325.7379,14084341062.3675
GDP (current US$),NY.GDP.MKTP.CD,Malaysia,MYS,255017638455.59,297951668674.835,314443047642.111,323276235524.415,338066095097.254,301355266964.947,301256033870.334,319109094160.343,358788845712.53,365177721021.516,337456163961.211,373832428055.449,407027451714.616,399648828546.504
GDP (current US$),NY.GDP.MKTP.CD,Maldives,MDV,2588176054.6875,2774350240.04918,2886163997.20531,3295009237.50107,3697353039.20043,4129505319.12921,4409942623.85538,4816426256.52914,5404344162.69888,5726094799.37709,3712604583.36665,5254366312.27648,6170638746.31376,6600000000
GDP (current US$),NY.GDP.MKTP.CD,Mali,MLI,10689168016.2613,12995112690.2596,12442035339.1049,13242690786.0938,14364937124.0727,13104764378.326,14026048335.7047,15365713048.1993,17070867589.9055,17280250810.0321,17465392764.3706,19309463508.0377,18780322203.7584,20904898296.2501
GDP (current US$),NY.GDP.MKTP.CD,Malta,MLT,9035824366.00804,9638728635.0143,9461776291.79913,10551030596.7558,11625848974.8051,11091483659.6156,11668015565.8082,13484541925.7714,15404393365.2073,16004563885.7539,15249999048.0297,18123718946.6006,18357069272.7682,20956999452.4317
GDP (current US$),NY.GDP.MKTP.CD,Marshall Islands,MHL,160629516.601563,172044509.887695,180302078.24707,185817016.601563,185446395.874023,183222930.908203,200900711.05957,212935714.72168,219430038.452148,231996704.101563,240751144.40918,257784881.591797,258774475.097656,284000000
GDP (current US$),NY.GDP.MKTP.CD,Mauritania,MRT,5628878797.98257,6764627745.9033,6728208836.22143,7223071096.85652,6592537781.81518,6166863896.68677,6398747592.13185,6800135898.28827,7473550557.07378,7894764885.82312,8260752385.23089,9222536364.01272,9744039514.55646,10452577062.7581
GDP (current US$),NY.GDP.MKTP.CD,Mauritius,MUS,10003670690.3497,11518413429.9684,11668696396.7887,12292974141.4044,13074129952.0532,12007291045.6489,12594155464.4136,13713506130.6081,14735695930.9727,14436346979.6355,11408106446.3144,11484348766.0434,12927979286.0453,14397127281.3829
GDP (current US$),NY.GDP.MKTP.CD,Mexico,MEX,1105424238731.09,1229013703416.76,1255110424817.79,1327436290282.67,1364507717614.13,1213294467716.88,1112233497452.7,1190721475906,1256300182879.73,1305211135822.61,1120832412468.85,1313069763986.6,1463323889036.56,1788886821046.81
GDP (current US$),NY.GDP.MKTP.CD,"Micronesia, Fed. Sts.",FSM,296944100,311301600,327248700,317214400,319271200,316489900,325000000,359000000,392000000,394000000,372000000,390000000,430000000,460000000
GDP (current US$),NY.GDP.MKTP.CD,Moldova,MDA,6974982369.60155,8414352020.49442,8709138634.82921,9496717875.51932,9402090137.7423,7797667196.73087,7980917075.7748,9514404016.20949,11252353420.8798,11736797054.6965,11530746234.4492,13691869264.0794,14510490660.2516,16539436547.295
GDP (current US$),NY.GDP.MKTP.CD,Monaco,MCO,5367561569.59548,6088689808.38347,5742749294.00852,6555591709.88585,7069353073.08882,6261649890.82388,6465645584.94877,6431271365.08338,7182444409.54069,7383944044.17,6739645416.47916,8626081320.50612,8784002931.68665,..
GDP (current US$),NY.GDP.MKTP.CD,Mongolia,MNG,7189481998.90094,10409797377.8571,12292770631.565,12582122604.2577,12226514668.0622,11619892590.6941,11181350649.3573,11480847740.736,13178094720.4986,14206359017.5143,13312981429.0891,15286441737.6686,17146471713.748,19872180369.6275
GDP (current US$),NY.GDP.MKTP.CD,Montenegro,MNE,4142983843.4912,4544428421.49513,4087526241.81268,4465772400.37453,4593853290.963,4054730077.57718,4376930578.32395,4856599480.79882,5506942238.35668,5542054181.12616,4769996866.00758,5861427505.12493,6229801580.79157,7404541964.50779
GDP (current US$),NY.GDP.MKTP.CD,Morocco,MAR,100865329473.44,110080631332.375,106937392311.129,115739287305.08,119130841411.664,110413823841.592,111572947004.917,118540573367.844,127341147581.818,128920266409.458,121353645057.144,141817797083.468,130912558829.84,141109373209.414
GDP (current US$),NY.GDP.MKTP.CD,Mozambique,MOZ,11411894723.864,14619279988.716,16688114144.0745,17198073057.1981,17978246586.0662,16208985769.615,12069051237.1711,13264640645.7768,15017359042.4464,15512758964.5779,14235420174.1813,16168055475.085,18406835494.9468,20624597846.5495
GDP (current US$),NY.GDP.MKTP.CD,Myanmar,MMR,49540813342.4834,59977326085.9908,59937796648.2158,60269732854.827,65531374199.6663,59607290407.6191,63298361996.2153,66053040483.0016,67860515989.517,75065106227.6892,79006113643.1906,66345291160.1683,62253049891.6449,64815031669.0952
GDP (current US$),NY.GDP.MKTP.CD,Namibia,NAM,11431412421.1316,12523359440.5499,13042053591.6857,12043307277.1235,12435430969.6301,11335161083.5061,10722018732.0936,12895153160.466,13682018827.0434,12541928102.7657,10583748541.5258,12402486183.6396,12567271004.6761,12351024843.7467
GDP (current US$),NY.GDP.MKTP.CD,Nauru,NRU,47562844.6104251,65071879.7787162,101055722.95058,94385014.9425842,99149244.4001333,84863440.5801997,97541943.0355053,109355638.866955,130995566.30391,125160115.547819,124685688.161094,175390280.69162,153824609.470517,154127798.193541
GDP (current US$),NY.GDP.MKTP.CD,Nepal,NPL,16002656434.4746,21573872420.7008,21703100877.1309,22162204924.5726,22731612922.1906,24360801286.7638,24524109483.5293,28971588940.364,33111525237.149,34186180699.0255,33433659301.2466,36924841394.2605,41182939600.67,40908073366.8455
GDP (current US$),NY.GDP.MKTP.CD,Netherlands,NLD,847380859016.668,905270626332.687,838923319919.531,877172824534.512,892167986713.722,765572770634.375,784060430240.08,833869641687.06,914043438179.607,910194347568.626,909793466661.481,1029678338329.44,1009398719033.08,1118124749886.29
GDP (current US$),NY.GDP.MKTP.CD,New Caledonia,NCL,9364350076.91225,10351448004.7674,9659151917.40484,10151382933.1594,10635035594.7528,8738203074.3957,8724568954.89799,9174048681.98577,9896402283.68587,9475655324.59495,9454629467.91408,10071349663.8484,9623318718.31459,..
GDP (current US$),NY.GDP.MKTP.CD,New Zealand,NZL,146517541181.254,168295307149.46,176210710655.208,190909855416.34,201337554959.49,178104220784.881,188898209220.167,206566916732.292,211846555690.736,212846907683.439,212697530897.56,253644079784.977,246733522841.353,253465703232.146
GDP (current US$),NY.GDP.MKTP.CD,Nicaragua,NIC,8758592272.10579,9774307336.23792,10531964139.3486,10982938825.6994,11880434070.7811,12756706583.3113,13286118584.2563,13785943183.0661,13025239912.2751,12699046244.607,12681548303.6856,14144067555.6566,15649934214.9276,17829215283.7997
GDP (current US$),NY.GDP.MKTP.CD,Niger,NER,7851192502.30917,8772950777.79176,9426912647.59111,10224897437.8648,10862943543.5419,9683867926.44282,10398861981.7583,11185104251.6943,12837307496.8821,12889555561.2299,13744653103.058,14915002436.069,15433852712.2963,16819170420.5653
GDP (current US$),NY.GDP.MKTP.CD,Nigeria,NGA,366990417129.04,414466676831.16,463971018239.281,520117180313.906,574183763411.508,493026682800.63,404649125252.16,375745731053.427,421739251509.08,474517490844.461,432198898467.795,440838992188.478,472624596925.938,362814951696.073
GDP (current US$),NY.GDP.MKTP.CD,North Macedonia,MKD,9407170321.37752,10494626767.6445,9745261300.57788,10817702346.0674,11362265252.778,10064519962.5655,10672467073.2873,11307067069.6658,12683068114.2388,12606338448.547,12361036913.8409,14000283827.0154,13711469681.1535,14761237042.2057
GDP (current US$),NY.GDP.MKTP.CD,Northern Mariana Islands,MNP,799000000,729000000,746000000,772000000,832000000,910000000,1230000000,1560000000,1301000000,1181000000,858000000,..,..,..
GDP (current US$),NY.GDP.MKTP.CD,Norway,NOR,431052143940.438,501360549669.404,512777309840.997,526014468085.106,501736471832.848,388159512245.53,370956547619.048,401745275035.261,439788625883.8,408742840909.091,367633418886.627,503367986030.268,593726965415.619,485513316503.63
GDP (current US$),NY.GDP.MKTP.CD,Oman,OMN,64993498049.4148,77497529258.7776,87408842652.7958,89936020806.2419,92699089726.9181,78710793237.9714,75128738621.5865,80856697009.1027,91505851755.5267,88060858257.4772,75909397659.2978,88191977373.212,114667360208.062,108192457737.321
GDP (current US$),NY.GDP.MKTP.CD,Pakistan,PAK,196709621849.586,230586581059.665,250106966104.704,258657231672.412,271390474857.632,299963590534.773,313630000130.435,339205534861.1,356128166704.921,320909472770.669,300425609817.981,348516647445.148,374787958882.308,338368455317.876
GDP (current US$),NY.GDP.MKTP.CD,Palau,PLW,188174270.629883,198873916.625977,215762390.136719,224265167.236328,245731216.430664,287215972.900391,305404174.804688,292345764.160156,288160980.224609,281828704.833984,261179138.183594,229858184.814453,242333709.716797,263020733.717011
GDP (current US$),NY.GDP.MKTP.CD,Panama,PAN,29440287600,34686224300,40429700000,45599900000,49921400000,54091800000,57907700000,62202700000,67294169200,69721787500,57086836900,67406738100,76522511780.6222,83382400000
GDP (current US$),NY.GDP.MKTP.CD,Papua New Guinea,PNG,14250786674.7766,17985138065.8549,21295168665.7247,21261338064.8783,23210823987.308,21723437010.0982,20758876952.6232,22742699138.356,24109780708.0268,24751066910.5409,23848445103.9227,26113333240.2333,31603619036.6338,30932496249.7917
GDP (current US$),NY.GDP.MKTP.CD,Paraguay,PRY,27260886405.2263,33756238766.5,33271921136.315,38501122141.4241,40377929295.6419,36211447840.0971,36089700222.9461,38997129473.5558,40225448340.6322,37925338329.1494,35432178068.1814,39950899938.7482,41952910858.0846,42956263543.9482
GDP (current US$),NY.GDP.MKTP.CD,Peru,PER,147527631520.729,171761737046.585,192650021648.583,201175543571.392,200786250582.943,189802976285.619,191898104390.379,211007984080.911,222597009739.235,228346006003.648,201409694755.934,226354278280.885,246488757636.211,267603248655.253
GDP (current US$),NY.GDP.MKTP.CD,Philippines,PHL,208368893151.144,234216730295.938,261920540972.102,283902828581.65,297483555344.802,306445871246.718,318627003012.52,328480736798.792,346841896583.515,376823402244.928,361751145451.597,394087359848.11,404353369604.631,437146372729.942
GDP (current US$),NY.GDP.MKTP.CD,Poland,POL,475696613935.595,524374183218.309,495230523665.901,515761954074.157,539080475073.719,477111287969.227,470024599375.619,524641252834.826,588779796423.695,596058473058.766,599442732365.372,681346077608.607,689763329458.441,811229100687.566
GDP (current US$),NY.GDP.MKTP.CD,Portugal,PRT,238113003233.284,245117990242.248,216224240577.957,226433858005.714,229901964221.884,199394066525.44,206426152308.931,221357874718.93,242313116577.967,239986922638.902,229031860520.777,255534839405.899,255196659934.378,287080013574.497
GDP (current US$),NY.GDP.MKTP.CD,Puerto Rico,PRI,98381300000,100351700000,101564800000,102450000000,102445800000,103375500000,104336700000,103445500000,100958100000,105126400000,103130900000,106426600000,113567200000,117902300000
GDP (current US$),NY.GDP.MKTP.CD,Qatar,QAT,125122306346.154,167775268626.374,186833502362.637,198727642967.033,206224598571.429,161739955576.923,151732181868.132,161099122225.275,183334953818.681,176371267692.308,144411363351.648,179732009560.44,235770403734.9,..
GDP (current US$),NY.GDP.MKTP.CD,Romania,ROU,170029359010.667,192613579705.885,179132893143.417,189789258566.244,199713780259.318,177883883008.747,185287630540.431,210147163769.848,243316029944.056,251017797625.017,251362514349.697,285810244501.933,298891515898.026,351002579629.67
GDP (current US$),NY.GDP.MKTP.CD,Russian Federation,RUS,1524916715223.95,2045922753398.04,2208293553878.42,2292470078346.22,2059241589895.01,1363482182197.71,1276786350881.14,1574199360089,1657328773461.31,1693115002708.32,1493075894362.14,1843392293734.38,2266029240645.34,2021421476035.42
GDP (current US$),NY.GDP.MKTP.CD,Rwanda,RWA,6124756894.20677,6884912956.96448,7654762344.67766,7819963627.14108,8238966247.18033,8543759088.57783,8695272095.38502,9252834120.39358,9637904552.51428,10349299855.8404,10174387614.2558,11069280277.007,13316160803.5187,14097768647.6695
GDP (current US$),NY.GDP.MKTP.CD,Samoa,WSM,680260907.153983,744097050.169115,773141661.165548,797736334.281305,796683519.593842,824150498.653536,843924796.697421,884844384.463214,878448433.404342,912950466.064906,868898358.266437,843923638.733018,832945205.637185,934100336.275654
GDP (current US$),NY.GDP.MKTP.CD,San Marino,SMR,1881191949.98998,1813717694.56092,1604701051.1653,1678741201.5731,1673910988.24105,1419400403.82788,1468342430.7393,1528621195.4832,1655354303.86998,1616188702.33964,1541247883.99351,1855382833.1165,..,..
GDP (current US$),NY.GDP.MKTP.CD,Sao Tome and Principe,STP,190021192.489536,226455001.243083,229371348.202606,267041747.584354,293119143.246825,259999643.047388,292267272.196925,322002845.229335,383717327.830508,412976064.479214,471229484.607144,524402450.755612,542686976.457587,603240748.954207
GDP (current US$),NY.GDP.MKTP.CD,Saudi Arabia,SAU,528207200000,676634666666.667,741849866666.667,753864533333.333,766605866666.667,669484266666.667,666000000000,714994666666.667,846583733333.333,838564800000,734271200000,874156000000,1108571466666.67,1067582933333.33
GDP (current US$),NY.GDP.MKTP.CD,Senegal,SEN,16121315909.0758,17814283639.3119,17660870411.5235,18918667724.8817,19797253440.2679,17774766696.1759,19040312333.1864,20996562943.5979,23116701556.1381,23403995992.1354,24530513037.7518,27520784129.7508,27619479059.6131,31013986429.1861
GDP (current US$),NY.GDP.MKTP.CD,Serbia,SRB,41819468691.8251,49258136128.9672,43309252921.0567,48394239474.6762,47062202418.8864,39655949731.3816,40692661657.284,44179075778.9267,50640662859.4987,51514242938.6734,53356484591.4378,63101042897.707,63563410720.7093,75187125426.7375
GDP (current US$),NY.GDP.MKTP.CD,Seychelles,SYC,981616542.328454,1058918707.26124,1089407839.19709,1333160407.38516,1387577870.08161,1432403352.12944,1568513348.14463,1675370641.01416,1784313926.76807,1868690096.73454,1382551751.56908,1487173794.80528,2057968519.83091,2141450171.13932
GDP (current US$),NY.GDP.MKTP.CD,Sierra Leone,SLE,2578159803.94597,2932274309.3957,3789251613.36066,4920343316.87093,5015180725.3416,4252029353.82191,3862721266.02162,3719443418.26155,4085114387.55605,4076578698.79107,4062906265.7332,4249234704.01866,4094563859.43556,3809832236.95959
GDP (current US$),NY.GDP.MKTP.CD,Singapore,SGP,239807980591.24,279356499090.458,295092888076.589,307576360584.992,314863580758.455,307998545269.398,319053943915.005,343257164581.712,376892697588.005,376901649222.451,349488382610.662,434111559282.849,498474540987.78,501427500080.059
GDP (current US$),NY.GDP.MKTP.CD,Sint Maarten (Dutch part),SXM,..,936089385.47486,985865921.787709,1022905027.93296,1361811508.37989,1417888715.0838,1427017206.70391,1353212122.90503,1259200446.92737,1407880446.92737,1236428100.55866,1353071061.45251,1537088715.0838,1623165683.12849
GDP (current US$),NY.GDP.MKTP.CD,Slovak Republic,SVK,91162836320.3502,99922685424.8835,94623731085.6106,98935222174.8603,101437045019.901,88900883130.8374,89952699524.894,95649966260.9802,106137924015.593,105711680180.565,106737868873.941,118563266602.359,115584743573.553,132793622283.071
GDP (current US$),NY.GDP.MKTP.CD,Slovenia,SVN,48208240226.4501,51583869785.1849,46577793184.0031,48415657264.8758,49997186439.0916,43107506024.3254,44766722790.5826,48589100043.0954,54177882425.8431,54386654313.9685,53734526854.2289,61832201543.8285,60063475466.3446,68216781410.5228
GDP (current US$),NY.GDP.MKTP.CD,Solomon Islands,SLB,898133684.898793,1063895360.69907,1185215418.25562,1285911586.132,1335571420.72676,1307909887.55212,1379490304.2254,1469789119.08756,1615478393.28614,1619155017.3924,1536145814.17007,1522794913.0914,1566360686.10632,1631286701.11516
GDP (current US$),NY.GDP.MKTP.CD,Somalia,SOM,2687807003.73935,2906000096.93249,4041702388.86633,5836021227.47597,6537360532.64359,6984947145.09508,7390796616.52817,8252394373.29698,8278212314.40466,9420431258.24747,9204140383.17612,9838711529.45848,10419541202.0391,11679800110.1523
GDP (current US$),NY.GDP.MKTP.CD,South Africa,ZAF,417363822801.713,458199494830.834,434400545085.811,400886013595.573,381198869776.106,346709790458.563,323585509674.481,381448814653.456,405260723892.517,389330032224.269,338291396026.698,420117812466.041,405270850098.738,377781600985.873
GDP (current US$),NY.GDP.MKTP.CD,South Sudan,SSD,14602072410.9506,14907308932.7534,11931472169.4915,18426469016.9492,13962212847.4576,11997800760.2242,..,..,..,..,..,..,..,..
GDP (current US$),NY.GDP.MKTP.CD,Spain,ESP,1422108199783.34,1480710495710.12,1324750738725,1355579535912.55,1371820537888.62,1196156971279.69,1233554967011.68,1313245330197.65,1421702715218.04,1394320055129.41,1278128867875.49,1445651653604.63,1417800466262.65,1580694712515.71
GDP (current US$),NY.GDP.MKTP.CD,Sri Lanka,LKA,58636161081.712,67753284043.9282,70447216891.3366,77000578167.353,82528535713.926,85140955388.8509,88012282205.8357,94376237797.2367,94493871200.7869,89014978344.1404,84304298770.5329,88609332762.4729,74144875098.0587,84356860421.13
GDP (current US$),NY.GDP.MKTP.CD,St. Kitts and Nevis,KNA,778718518.518518,836092592.592593,825381481.481481,874896296.296296,952111111.111111,957222222.222222,1006818518.51852,1056977777.77778,1076548148.14815,1107855555.55556,883922222.222222,858622222.222222,981429629.62963,1077033111.11111
GDP (current US$),NY.GDP.MKTP.CD,St. Lucia,LCA,1482385185.18519,1568370370.37037,1598207407.40741,1660222222.22222,1749185185.18518,1807640740.74074,1868544444.44444,1998503703.7037,2060955555.55556,2092081549.02444,1497825994.23221,1834796401.63261,2343703788.17323,2519925938.52447
GDP (current US$),NY.GDP.MKTP.CD,St. Martin (French part),MAF,..,775875748.523832,..,..,772921958.529509,..,..,..,..,652206037.103874,..,649206262.847519,..,..
GDP (current US$),NY.GDP.MKTP.CD,St. Vincent and the Grenadines,VCT,720447888.888889,713796370.37037,730032592.592593,764781259.259259,770900000,786555555.555555,814303703.703704,844040740.740741,884329629.62963,910766666.666667,869111111.111111,872225925.925926,966492592.592592,1065962962.96296
GDP (current US$),NY.GDP.MKTP.CD,Sudan,SDN,58962978034.4828,55018567210.5263,37632919966.6667,43024018082.1918,49516748617.9775,51726758676.7677,42630376000,41283617976.1905,32333780383.2924,32338079165.2893,27034593750,34229513774.9936,51666875363.0963,109327023588.732
GDP (current US$),NY.GDP.MKTP.CD,Suriname,SUR,4368370997.92126,4422276621.78703,4980000000,5145757575.75758,5240606060.60606,5126237646.22072,3317421648.09918,3591679430.99988,3996198866.57453,4016040575.08796,2911807496.20227,3081401725.88833,3620987993.32637,3782437296.04323
GDP (current US$),NY.GDP.MKTP.CD,Sweden,SWE,495812558843.31,574094112972.733,552483727282.802,586841821796.891,581964017237.095,505103781349.757,515654671469.547,541018749769.097,555455371487.089,533879529188.454,547054174235.876,639714956069.468,590409594949.102,593267701033.408
GDP (current US$),NY.GDP.MKTP.CD,Switzerland,CHE,598851028906.58,715888126682.396,686420221557.99,706234937370.968,726537808338,694118186379.628,687895460902.713,695200833086.499,725568717468.001,721369112726.724,741999406005.627,813408787222.499,818426550206.45,884940402230.409
GDP (current US$),NY.GDP.MKTP.CD,Syrian Arab Republic,SYR,61390831317.8635,67539427670.9958,43190317724.7088,21361254647.9904,21502061462.2122,16466863097.2125,12597854884.462,16369843341.3865,21497782880.7488,22583045052.56,11155888304.0023,8980060818.72145,..,..
GDP (current US$),NY.GDP.MKTP.CD,Tajikistan,TJK,5642221099.17704,6522756255.012,7633036903.07634,8448411318.25417,9112605459.32845,8271431485.07484,6992416096.89018,7536402852.85802,7764999999.45362,8300813599.3084,8133963550.65742,8937805347.13963,10713525200.3998,12060602008.8478
GDP (current US$),NY.GDP.MKTP.CD,Tanzania,TZA,32012892919.37,34657140096.4836,39650394362.9287,45648857242.315,49986726460.6805,47413919817.124,49774409374.4538,53274884532.7886,57003712892.0858,61026731925.9213,66068737786.0639,70655628147.8986,75769974505.0106,79158286333.524
GDP (current US$),NY.GDP.MKTP.CD,Thailand,THA,341104766329.17,370818739623.622,397558325278.579,420333654592.547,407339040197.651,401296238228.084,413366349747.508,456356813536.764,506754208404.485,543976691793.886,500461898480.246,506256494297.34,495645210972.751,514944993833.578
GDP (current US$),NY.GDP.MKTP.CD,Timor-Leste,TLS,881909300,1042534600,1160555000,1395727400,1447535200,1595205100,1652603700,1598208400,1566157200,2027034000,2162619200,3621958000,3204753000,2243142908.46161
GDP (current US$),NY.GDP.MKTP.CD,Togo,TGO,4746389531.71369,5422442166.41062,5413544658.5045,6021732977.26811,6393318261.86007,5755461035.44333,6071170959.12093,6387422517.69225,7029300383.08031,6992700101.37188,7400284167.78479,8342243645.94438,8169476148.95692,9171261835.06264
GDP (current US$),NY.GDP.MKTP.CD,Tonga,TON,366832215.189578,414533117.692299,470705196.432659,450650633.04135,439877614.419206,437003078.563584,420548712.433288,460374354.847247,488906838.594866,512053692.078675,484796854.918756,469228219.665791,500274898.085221,..
GDP (current US$),NY.GDP.MKTP.CD,Trinidad and Tobago,TTO,22157948396.2042,25433011405.3017,27334581560.2837,28709988700.2142,29699968760.7278,27026080986.578,23713671528.1421,24040299977.8745,24569079488.3913,23775754304.6652,20807571314.3043,24496505940.6673,30053575132.142,28139944790.2911
GDP (current US$),NY.GDP.MKTP.CD,Tunisia,TUN,46206091937.9628,48123325825.0739,47311401812.6733,48685446413.953,50271812920.612,45779494041.9295,44360072680.4476,42163530590.9462,42686580020.8322,41905540184.424,42491816475.7118,46812290143.344,44579761022.8993,48529595416.6533
GDP (current US$),NY.GDP.MKTP.CD,Turkiye,TUR,776967266305.53,838785289694.35,880555885492.269,957799120008.32,938934609296.966,864313810469.009,869682881593.041,858988492853.742,778972199727.859,761005946788.221,720338498174.744,819865253669.661,907118435952.688,1108022373259.51
GDP (current US$),NY.GDP.MKTP.CD,Turkmenistan,TKM,22583157894.7368,29233333333.3333,35164210526.3158,39197543859.6491,43524210526.3158,35799714285.7143,36169428571.4286,37926285714.2857,40765428571.4286,45232857142.8571,45818000000,50007428571.4286,56542857142.8571,59887334844.0651
GDP (current US$),NY.GDP.MKTP.CD,Turks and Caicos Islands,TCA,686787800,728789600,727161000,754238000,841070000,942070000,1032452000,1028941663.2,1128749004.5304,1177285211.72521,774653669.315186,1045782453.5755,1228794382.95121,1402054390.94734
GDP (current US$),NY.GDP.MKTP.CD,Tuvalu,TUV,32105408.4771121,39196957.4908996,39345579.4723758,38615890.6320745,38760982.6540096,36811936.0824587,41629064.2232388,45276595.3533146,48015259.8751356,54123198.5662913,51746594.3148543,60196405.7138393,59065982.0873657,62280311.5852172
GDP (current US$),NY.GDP.MKTP.CD,Uganda,UGA,26673441430.7857,27871725241.4723,27305915910.7877,28915786516.6123,32612397257.4458,32387183730.1002,29203988696.2626,30744473841.424,32927025619.6795,35348155095.4215,37600368239.8824,40529788744.0595,45565333216.4142,49272882213.623
GDP (current US$),NY.GDP.MKTP.CD,Ukraine,UKR,141209170427.233,169333835201.554,182591753827.949,190498811460.028,133503871861.723,91030967789.0717,93355869403.9223,112090505081.739,130891088293.55,153883047509.577,156617722013.342,199765859570.935,161989520721.19,178757021386.809
GDP (current US$),NY.GDP.MKTP.CD,United Arab Emirates,ARE,300189052688.904,360832739550.715,384610125391.423,400218529748.128,414105366752.893,370275469571.137,369255326235.534,390516804029.952,427049432157.931,417989721742.682,349473015330.157,415178792756.978,507063968277.74,504173451327.434
GDP (current US$),NY.GDP.MKTP.CD,United Kingdom,GBR,2485482596184.71,2663805834828.07,2707089726614.64,2784853502534.29,3064708247921.43,2927911140916.73,2689106566899.61,2680148052335.3,2871340347581.79,2851407164907.81,2697806592293.86,3141506156618.7,3088839763445.02,3340032380668.04
GDP (current US$),NY.GDP.MKTP.CD,United States,USA,15048971000000,15599732000000,16253970000000,16880683000000,17608138000000,18295019000000,18804913000000,19612102000000,20656516000000,21521395000000,21322950000000,23594031000000,25744108000000,27360935000000
GDP (current US$),NY.GDP.MKTP.CD,Uruguay,URY,41950361211.9581,50342406067.0777,54232266358.7811,61337621933.7857,61496186973.902,57680327998.6689,57480788380.312,65006047680.3225,65344408987.1965,62222387928.9932,53668636567.8667,60760798595.5436,70164683290.3776,77240831587.167
GDP (current US$),NY.GDP.MKTP.CD,Uzbekistan,UZB,49765676402.4495,60178909297.208,67517349212.0609,73180037914.9104,80845385809.4529,86196264755.3105,86138288644.171,62081322740.0162,52870108214.6742,60283503705.3907,60224701296.7885,69600614987.3509,81140823252.4164,90889149306.7313
GDP (current US$),NY.GDP.MKTP.CD,Vanuatu,VUT,670712979.682038,770153588.218833,747839697.746593,758304466.245339,772315983.81843,730870802.967051,780889605.899977,880061833.690341,914736985.430944,936526267.622513,909421043.508407,950394006.532514,1022219297.50335,1126313359.21923
GDP (current US$),NY.GDP.MKTP.CD,"Venezuela, RB",VEN,393192354510.653,316482190800.364,381286237847.667,371005379786.566,482359318767.703,..,..,..,..,..,..,..,..,..
GDP (current US$),NY.GDP.MKTP.CD,Viet Nam,VNM,147201173196.979,172595049183.925,195590661129.249,213708811665.34,233451469642.519,239258328381.741,257096001177.982,281353605986.903,310106478394.659,334365270496.667,346615738537.796,366474752771.009,410324028883.325,429716969049.593
GDP (current US$),NY.GDP.MKTP.CD,Virgin Islands (U.S.),VIR,4324000000,4223000000,4089000000,3738000000,3565000000,3663000000,3798000000,3794000000,3923000000,4121000000,4189000000,4444000000,..,..
GDP (current US$),NY.GDP.MKTP.CD,West Bank and Gaza,PSE,9681500000,11186100000,12208400000,13515500000,13989700000,13972400000,15405400000,16128000000,16276600000,17133500000,15531700000,18109000000,19165500000,17396300000
GDP (current US$),NY.GDP.MKTP.CD,"Yemen, Rep.",YEM,30906749533.221,32726417878.391,35401331609.5916,40415233436.1767,43228585321.3272,42444490073.8555,31317825274.1507,26842229044.5848,21606160663.0318,..,..,..,..,..
GDP (current US$),NY.GDP.MKTP.CD,Zambia,ZMB,20265559483.8548,23459515275.5776,25503060420.026,28037239462.7142,27141023558.0829,21251216798.7762,20958412538.3093,25873601260.8353,26311507273.6735,23308667781.2258,18137764931.2808,22096416932.0089,29163782140.4858,28162630953.9285
GDP (current US$),NY.GDP.MKTP.CD,Zimbabwe,ZWE,12041655200,14101920300,17114849900,19091020000,19495519600,19963120600,20548678100,17584890936.6523,34156069918.0609,21832234925.5021,21509698406.1116,28371238665.5116,27366627153.0954,26538273498.8461
GDP (current US$),NY.GDP.MKTP.CD,Africa Eastern and Southern,AFE,849409658737.661,945439147816.613,952675592818.555,963347276805.076,979689662429.07,899295676086.836,829829959319.292,940105480733.676,1012719339457.72,1006527294483.09,929074086484.093,1086772164579.87,1183962133998.87,1236163044999.97
GDP (current US$),NY.GDP.MKTP.CD,Africa Western and Central,AFW,598697706331.002,682233324561.043,737799647336.195,834160608935.995,894585438237.958,769367317617.821,692181085843.488,685750159763.133,768189587833.624,823933630796.516,787146719022.421,845993047006.805,877140805320.357,796586157553.094
GDP (current US$),NY.GDP.MKTP.CD,Arab World,ARB,2154252309110.19,2559855182439.78,2793775680472.15,2857872049304.91,2905075942181.63,2544136348540.18,2499965913229.88,2571053716382.94,2865543585777.95,2898668715645.56,2576553324185.61,2969116805615.58,3613682354462.24,3491516939569.88
GDP (current US$),NY.GDP.MKTP.CD,Caribbean small states,CSS,29715534449.1747,30344564229.3382,32052386052.2943,32390809157.2923,33462282320.5238,34538256117.6859,33451252507.2663,34921587493.3397,36225416548.2006,37621010338.3616,31378030000.782,36706592898.6925,48138054138.9849,53252637669.8953
GDP (current US$),NY.GDP.MKTP.CD,Central Europe and the Baltics,CEB,1316548010141.42,1454732403908.46,1359052936743.23,1417557275930.7,1463823020682.85,1293623329358.52,1316821592128.16,1461567745963.7,1649014249607.31,1674815945871.77,1665817489087.96,1908203520080.5,1943576044705.41,2252970882003.43
GDP (current US$),NY.GDP.MKTP.CD,Early-demographic dividend,EAR,8708208712873.16,9813800566552.76,10261753916720.6,10406754465041.8,10766609704140,10237020101449.3,10537028724316.6,11393447781978.4,11524427704062.7,11767656585558.1,10981013167791.7,12771307369960.5,14131148776107.2,14847823837515.2
GDP (current US$),NY.GDP.MKTP.CD,East Asia & Pacific,EAS,17078057240005.2,19796933123174.5,21174178691967.8,21411284057214.5,22089701789223.8,21995274219766.7,22776012762509.5,24329094912610,26487859556590.8,27032494942206.6,27156482410418.4,31148240510250.8,30663750183419.1,30775659199419.9
GDP (current US$),NY.GDP.MKTP.CD,East Asia & Pacific (excluding high income),EAP,7900541542589.84,9650693739294.8,10759908112898,11870059931822.1,12800187429285.8,13323235973753,13614572556661.5,14881098135429.5,16640354816152.1,17213215781553.2,17487334631867.3,20840018387172.9,21113809331055.5,21150247849983.1
GDP (current US$),NY.GDP.MKTP.CD,East Asia & Pacific (IDA & IBRD countries),TEA,7890862049222.1,9638846002337.58,10746721177079.8,11855481580395.5,12784467992142.2,13306887306272.5,13597889126598.8,14862823962899.4,16619890220308.8,17192020073785.4,17465773779184.1,20814269278438.4,21087707522778,21124121301342.6
GDP (current US$),NY.GDP.MKTP.CD,Euro area,EMU,12700582110966.2,13700831614329.5,12695678622498.6,13255654454944.7,13570070381398.8,11727106023830.5,12025904489799.8,12736901061170,13761117139592.9,13481146122147.1,13155164142399.1,14754625131073.3,14224347000135.6,15544858680873.8
GDP (current US$),NY.GDP.MKTP.CD,Europe & Central Asia,ECS,21016513112950.8,23305973325589.8,22453705241187.9,23454990403618.1,23784373303750.2,20481460301210.5,20408605606979.3,21652842504644.6,23188735732226.2,22908223277507.4,22156549343244.9,25331394418403.8,25389267749916,27240628835585.3
GDP (current US$),NY.GDP.MKTP.CD,Europe & Central Asia (excluding high income),ECA,1377629393492.27,1566799086233.4,1652506728905.02,1802285899175.5,1729714204725.05,1507646946545.93,1447395306947.53,1485108260761.97,1459981302399.66,1488770219744.96,1428327223229.53,1659440839146.7,1803038234535.2,2098349713814.25
GDP (current US$),NY.GDP.MKTP.CD,Europe & Central Asia (IDA & IBRD countries),TEC,3657869416963.52,4450219264234.29,4646863189589.23,4915748484819.64,4644397266377.62,3627947465522.13,3486198200219.98,3909728235465.93,4077637180273.38,4159709661061.93,3900798423599.77,4623633114358.75,5220065561112.42,5466276097557.08
GDP (current US$),NY.GDP.MKTP.CD,European Union,EUU,14556122142376.7,15765158666571.2,14641634844097.4,15294853937310.5,15651372745918.6,13553897260141,13888833465037.9,14765880176508.2,15981445869808.9,15694050310523.1,15381418584246.1,17315127119106.5,16761496590765.2,18349388450765.6
GDP (current US$),NY.GDP.MKTP.CD,Fragile and conflict affected situations,FCS,1593981100293.48,1664321553843.86,1861813804786.77,1935544489353.46,2053788945066.26,1617323277101.47,1490633651211.68,1549712150984.09,1735183810120.25,1842154935322.18,1690930063237.89,1796274437015.52,1950006457159.66,1906801170087.86
GDP (current US$),NY.GDP.MKTP.CD,Heavily indebted poor countries (HIPC),HPC,509061582442.261,564065134052.837,583888328733.146,655856029913.909,694344337474.543,667302120360.803,674512464051.689,724757996634.928,774607047567.848,803355942387.056,811360288084.988,902263213997.82,981675388899.477,1130472157492.99
GDP (current US$),NY.GDP.MKTP.CD,High income,HIC,47340327876456,51524951092552.4,51710003724530.8,52439877375602.6,53310162826089.1,49773105280474.1,50737236574099.6,53336788717601.6,56684556889445.8,57218295248360.4,55791128824226.2,62461025675219.6,64444446480056.6,67653743404264.1
GDP (current US$),NY.GDP.MKTP.CD,IBRD only,IBD,20111983284711.5,23807285173177.4,25304734948065.9,26693510662628.9,27592783808400.6,25838353087075.7,26027770587219.1,28745223958869,30579316565085.1,31246593993598.4,30103859045527.8,35740404315658.1,37733201523901.4,38733043068564.9
GDP (current US$),NY.GDP.MKTP.CD,IDA & IBRD total,IBT,21693456395830.3,25594615218755.3,27188545719649.6,28743704005346.5,29800896836060,27987288576613.1,28169507573194.1,30960119365364,32964096579686,33722356189565.9,32528587315534.1,38378968351134.2,40566997900554.3,41559721641424.8
GDP (current US$),NY.GDP.MKTP.CD,IDA blend,IDB,741312007016.759,847544916121.797,941695867218.565,1023665425289.17,1110564323061.43,1054056007822.38,984095717018.772,967437544352.281,1056914447272.39,1077750148722.68,1009467966729.65,1104603036389.8,1183656384165.71,1044015231915.96
GDP (current US$),NY.GDP.MKTP.CD,IDA only,IDX,840161104102.099,939785129456.04,942114904365.161,1026527917428.51,1097548704598.03,1093640032209.07,1156608800300.87,1247733925328.46,1327890357838.68,1397670771530.98,1414559582470.64,1535389926749.6,1651361994353.62,1786070910237.13
GDP (current US$),NY.GDP.MKTP.CD,IDA total,IDA,1581473111118.86,1787330045577.84,1883810771583.73,2050193342717.68,2208113027659.46,2147696040031.45,2140704517319.64,2215171469680.75,2384804805111.07,2475420920253.66,2424027549200.29,2639992963139.39,2835003428054.01,2828041013610.35
GDP (current US$),NY.GDP.MKTP.CD,Late-demographic dividend,LTE,13564267760890.2,16530365963615.5,17680657970635.3,19042359863611.2,19776331354297.4,18550881244486,18593573738109.3,20631078375844.2,22623622462864.8,23050208314364,22531183291578.3,26872794398412,28062557325965.1,28341396914858.3
GDP (current US$),NY.GDP.MKTP.CD,Latin America & Caribbean,LCN,5395521584867.2,6137298312571.18,6209024743500.11,6362333301077.53,6483202078515.13,5418289197382.29,5283310849435.27,5866482345855.61,5742638741431.28,5659965575492.01,4804924789054.88,5578001135446.18,6341680448313.76,7094329636592.51
GDP (current US$),NY.GDP.MKTP.CD,Latin America & Caribbean (excluding high income),LAC,4556436688834.76,5320445093655.74,5297857656983.35,5436631031505.86,5457289044548.77,4634564315170.45,4496975505130.54,5012883307321.98,4870399271215.6,4804547155275.13,4046822646872.37,4690738841614.13,5389510951677.69,6050580948759.95
GDP (current US$),NY.GDP.MKTP.CD,Latin America & the Caribbean (IDA & IBRD countries),TLA,5210710546171.91,5940252657561.23,6005862490255.01,6154592516614.85,6270841236825.2,5194835549016.91,5053700630074.01,5631949735822.71,5506072829643.66,5413987316641.17,4561296585538.66,5310337203631.62,6045250902748.99,6772781697090.74
GDP (current US$),NY.GDP.MKTP.CD,Least developed countries: UN classification,LDC,687433128591.786,783931296546.498,819266433465.481,892428919239.911,959618110350.536,920864864683.309,936561647193.379,1025062467402.31,1090417461003.23,1150500716964.01,1162019936698.84,1266743958589.09,1424615962242.83,1504251159792.01
GDP (current US$),NY.GDP.MKTP.CD,Low & middle income,LMY,18779543105772,22115543075986.5,23512181553245.6,24940261486687.7,26101787332747.3,25326526306958.9,25586586836480,27933259327710.6,29703722066967.9,30424528245038.4,29491920680088.1,34734957850217.4,36438640513559.9,37425214512640
GDP (current US$),NY.GDP.MKTP.CD,Low income,LIC,372940632041.912,404514516429.277,381701640886.411,394195409295.525,422083905892.021,416120726145.318,383741508244.759,401921089084.377,418228093932.972,445278364305.202,439782467036.046,466420564539.205,530578689814.764,646797730009.09
GDP (current US$),NY.GDP.MKTP.CD,Lower middle income,LMC,3780034647966.09,4217834186882.18,4456528170120.24,4712914034204.83,5090396351864.47,5083698600746.07,5297558624291.54,5693069209502.07,5979736767522.21,6278114868365.95,6081790240107.94,6894335373844.59,7341102945343.33,7384750127842.02
GDP (current US$),NY.GDP.MKTP.CD,Middle East & North Africa,MEA,2820272200083.83,3396706596374.72,3660136638354.7,3601732090293.31,3627618410020.68,3201010427587.39,3234258578074.41,3372000244857.37,3538057099135.22,3549945029851.94,3199081953495.53,3780277127064.96,4497116837259.17,4287684126920.01
GDP (current US$),NY.GDP.MKTP.CD,Middle East & North Africa (excluding high income),MNA,1413230709820.25,1654719982162.47,1782893176788.21,1643993969590.37,1625989413800.06,1460582775148.29,1496714718329.85,1496691802249.52,1421482666869.71,1433133665481.6,1324364502715.09,1535302141067.38,1760103359907.54,1646554468701.67
GDP (current US$),NY.GDP.MKTP.CD,Middle East & North Africa (IDA & IBRD countries),TMN,1403549209820.25,1643533882162.47,1770684776788.21,1630478469590.37,1611999713800.06,1446610375148.29,1481309318329.85,1480563802249.52,1405206066869.71,1416000165481.6,1308832802715.09,1517193141067.38,1740947356984.75,1629170225345.52
GDP (current US$),NY.GDP.MKTP.CD,Middle income,MIC,18410290632937.1,21713900541468.3,23131481309284.9,24546674700274.3,25680744767168.3,24911694910932.1,25202592678135.5,27530340426178,29284043921765.4,29978481798259.3,29051739634677.8,34266063721746.8,35907869702102.2,36786942112904.5
GDP (current US$),NY.GDP.MKTP.CD,North America,NAC,16672948893486.3,17399371321174.5,18088714669521.6,18733746177835,19420301866439.9,19858182357217.1,20339807652907.4,21268509960244.1,22389071169783,23272543648672.5,22985521877000.2,25608789788464.2,27913419349422,29509296092073.6
GDP (current US$),NY.GDP.MKTP.CD,Not classified,INX,..,..,..,..,..,..,..,..,..,..,..,..,..,..
GDP (current US$),NY.GDP.MKTP.CD,OECD members,OED,45297226688828.8,48721225418978.3,48676834813345.9,49360200440504.1,50386906873870.5,47536673280840.8,48460554255214.5,50610712929528.3,53525975116832.1,54053010452622.2,52852896615891.7,58899843230643.7,60170092967268.4,64098865773303
GDP (current US$),NY.GDP.MKTP.CD,Other small states,OSS,138174096381.898,157064408558.829,155912881125.311,162812437315.907,167893016317.089,151721848514.729,159200150156.228,176977448024.04,193850030853.887,195442320173.664,178185121948.331,208006924432.84,223331355321.864,234402049500.765
GDP (current US$),NY.GDP.MKTP.CD,Pacific island small states,PSS,6646636169.35048,7754564667.39194,8219726546.10348,8544636536.17937,9290027187.46434,9082590662.61225,9532201525.56813,10290482444.2108,10791457053.2083,10729092905.3643,9505064735.52033,9493809706.88294,10316299126.576,11232231820.2487
GDP (current US$),NY.GDP.MKTP.CD,Post-demographic dividend,PST,42685593909416.3,45847684271547.9,45779692961073.2,46270713136341.4,47207349839752.1,44669765037594.5,45693398993292.1,47667106352008.1,50504305917292.3,51018795008395.9,50004904334179.6,55588775180110.4,56564201304341.6,59851800976561.2
GDP (current US$),NY.GDP.MKTP.CD,Pre-demographic dividend,PRE,1047586126685.77,1213699206148.6,1319408228653.58,1448620258000.13,1535536224140.68,1305833014908.77,1163168926723.78,1214614486271.29,1353360006187.64,1427162956056.16,1309584194481.23,1435824208115.63,1639586866408.66,1562533897053.54
GDP (current US$),NY.GDP.MKTP.CD,Small states,SST,174536267000.423,195163537455.56,196184993723.708,203747883009.378,210645325825.077,195342695295.027,202183604189.062,222189517961.591,240866904455.296,243792423417.39,219068216684.633,254207327038.415,281850778773.269,298978248910.632
GDP (current US$),NY.GDP.MKTP.CD,South Asia,SAS,2082357808583.89,2294090940082.05,2327938845782.62,2389895068185.15,2614915526247.9,2733618963171.59,3011037037667.86,3433921312241.12,3534066858502,3658209766221.57,3493120726807.89,4079882760410.17,4327288984027.91,4475567635413.06
GDP (current US$),NY.GDP.MKTP.CD,South Asia (IDA & IBRD),TSA,2082357808583.89,2294090940082.05,2327938845782.62,2389895068185.15,2614915526247.9,2733618963171.59,3011037037667.86,3433921312241.12,3534066858502,3658209766221.57,3493120726807.89,4079882760410.17,4327288984027.91,4475567635413.06
GDP (current US$),NY.GDP.MKTP.CD,Sub-Saharan Africa,SSF,1448107365068.66,1627672472377.66,1690475240154.75,1797507885741.07,1874275100667.03,1668662993704.66,1522011045162.78,1625855640496.81,1780908927291.34,1830460925279.6,1716220805506.51,1932765211586.67,2061102939319.23,2032749202553.06
GDP (current US$),NY.GDP.MKTP.CD,Sub-Saharan Africa (excluding high income),SSA,1447125748526.33,1626613553670.39,1689385832315.55,1796174725333.69,1872887522796.95,1667230590352.53,1520442531814.64,1624180269855.8,1779124613364.58,1828592235182.87,1714838253754.94,1931278037791.87,2059044970799.4,2030607752381.92
GDP (current US$),NY.GDP.MKTP.CD,Sub-Saharan Africa (IDA & IBRD countries),TSS,1448107365068.66,1627672472377.66,1690475240154.75,1797507885741.07,1874275100667.03,1668662993704.66,1522011045162.78,1625855640496.81,1780908927291.34,1830460925279.6,1716220805506.51,1932765211586.67,2061102939319.23,2032749202553.06
GDP (current US$),NY.GDP.MKTP.CD,Upper middle income,UMC,14630255984971,17496066354586.1,18674953139164.7,19833760666069.5,20590348415303.8,19827996310186,19905034053844,21837271216675.9,23304307154243.2,23700366929893.4,22969949394569.8,27373038582479.3,28567593041349.3,29403677430761.3
GDP (current US$),NY.GDP.MKTP.CD,World,WLD,66514174634776,73957792909770.5,75603976718162.8,77751368312765.5,79894385759929.2,75359657218242.5,76588030455295.5,81550955754739.3,86686870786621.5,87945574337517.8,85577718250195.5,97527032881901.1,101225059591363,105435039507024
,,,,,,,,,,,,,,,,,
,,,,,,,,,,,,,,,,,
,,,,,,,,,,,,,,,,,
Data from database: World Development Indicators,,,,,,,,,,,,,,,,,
Last Updated: 09/19/2024,,,,,,,,,,,,,,,,,
